Model,Loss,Accuracy,mAP,Training Time (seconds)
ResNet50,0.0008961267885752022,1.0,1.0,14096.76594
DenseNet121,0.0009005273459479213,1.0,1.0,13621.39409
